academie,departements,etablissements,lycees,octets_sirene_et_lycees
aix-marseille,"04, 05, 13, 84",79950,140,9764047
amiens,"02, 60, 80",39599,108,4774587
besancon,"25, 39, 70, 90",28628,78,3475887
bordeaux,"24, 33, 40, 47, 64",93131,173,11293872
clermont-ferrand,"03, 15, 43, 63",33512,84,4116786
corse,"2A, 2B",12079,12,1445721
creteil,"77, 93, 94",91961,150,10913169
dijon,"21, 58, 71, 89",40032,96,4865466
grenoble,"07, 26, 38, 73, 74",91461,191,11201961
guadeloupe,971,9516,26,1257251
guyane,973,4580,24,602776
la-reunion,974,18151,43,2360590
lille,"59, 62",73603,193,8788573
limoges,"19, 23, 87",17774,43,2174619
lyon,"01, 42, 69",83402,158,9873126
martinique,972,8757,26,1141713
mayotte,976,1088,21,145895
montpellier,"11, 30, 34, 48, 66",72343,127,8820015
nancy-metz,"54, 55, 57, 88",49834,116,6004466
nantes,"44, 49, 53, 72, 85",91795,221,11429227
nice,"06, 83",62518,60,7595859
normandie,"14, 27, 50, 61, 76",74763,175,9225803
orleans-tours,"18, 28, 36, 37, 41, 45",59295,121,7254786
paris,75,114002,76,12061088
poitiers,"16, 17, 79, 86",45363,107,5595671
reims,"08, 10, 51, 52",33913,68,4120808
rennes,"22, 29, 35, 56",83781,173,10011512
strasbourg,"67, 68",46363,59,5418449
toulouse,"09, 12, 31, 32, 46, 65, 81, 82",76973,155,9227972
versailles,"78, 91, 92, 95",119273,162,14229431
